pos,base_old,accession,base
0,-,5__Gro-3,-
1,-,5__Gro-3,-
2,-,5__Gro-3,-
3,-,5__Gro-3,-
4,-,5__Gro-3,-
5,-,5__Gro-3,-
6,-,5__Gro-3,-
7,-,5__Gro-3,-
8,-,5__Gro-3,-
9,-,5__Gro-3,-
10,-,5__Gro-3,-
11,-,5__Gro-3,-
12,-,5__Gro-3,-
13,-,5__Gro-3,-
14,-,5__Gro-3,-
15,-,5__Gro-3,-
16,-,5__Gro-3,-
17,-,5__Gro-3,-
18,-,5__Gro-3,-
19,-,5__Gro-3,-
20,-,5__Gro-3,-
21,-,5__Gro-3,-
22,-,5__Gro-3,-
23,-,5__Gro-3,-
24,-,5__Gro-3,-
25,-,5__Gro-3,-
26,-,5__Gro-3,-
27,-,5__Gro-3,-
28,-,5__Gro-3,-
29,-,5__Gro-3,-
30,-,5__Gro-3,-
31,-,5__Gro-3,-
32,-,5__Gro-3,-
33,-,5__Gro-3,-
34,-,5__Gro-3,-
35,-,5__Gro-3,-
36,-,5__Gro-3,-
37,-,5__Gro-3,-
38,-,5__Gro-3,-
39,-,5__Gro-3,-
40,-,5__Gro-3,-
41,-,5__Gro-3,-
42,-,5__Gro-3,-
43,-,5__Gro-3,-
44,-,5__Gro-3,-
45,-,5__Gro-3,-
46,-,5__Gro-3,-
47,-,5__Gro-3,-
48,-,5__Gro-3,-
49,-,5__Gro-3,-
50,-,5__Gro-3,-
51,-,5__Gro-3,-
52,-,5__Gro-3,-
53,-,5__Gro-3,-
54,-,5__Gro-3,-
55,-,5__Gro-3,-
56,-,5__Gro-3,-
57,-,5__Gro-3,-
58,-,5__Gro-3,-
59,-,5__Gro-3,-
60,-,5__Gro-3,-
61,-,5__Gro-3,-
62,-,5__Gro-3,-
63,-,5__Gro-3,-
64,-,5__Gro-3,-
65,-,5__Gro-3,-
66,-,5__Gro-3,-
67,-,5__Gro-3,-
68,-,5__Gro-3,-
69,-,5__Gro-3,-
70,-,5__Gro-3,-
71,-,5__Gro-3,-
72,-,5__Gro-3,-
73,-,5__Gro-3,-
74,-,5__Gro-3,-
75,-,5__Gro-3,-
76,-,5__Gro-3,-
77,-,5__Gro-3,-
78,-,5__Gro-3,-
79,-,5__Gro-3,-
80,-,5__Gro-3,-
81,-,5__Gro-3,-
82,-,5__Gro-3,-
83,-,5__Gro-3,-
84,-,5__Gro-3,-
85,-,5__Gro-3,-
86,-,5__Gro-3,-
87,-,5__Gro-3,-
88,-,5__Gro-3,-
89,-,5__Gro-3,-
90,-,5__Gro-3,-
91,-,5__Gro-3,-
92,-,5__Gro-3,-
93,-,5__Gro-3,-
94,-,5__Gro-3,-
95,-,5__Gro-3,-
96,-,5__Gro-3,-
97,-,5__Gro-3,-
98,-,5__Gro-3,-
99,-,5__Gro-3,-
100,-,5__Gro-3,-
101,-,5__Gro-3,-
102,-,5__Gro-3,-
103,-,5__Gro-3,-
104,-,5__Gro-3,-
105,-,5__Gro-3,-
106,-,5__Gro-3,-
107,-,5__Gro-3,-
108,-,5__Gro-3,-
109,-,5__Gro-3,-
110,-,5__Gro-3,-
111,-,5__Gro-3,-
112,-,5__Gro-3,-
113,-,5__Gro-3,-
114,-,5__Gro-3,-
115,-,5__Gro-3,-
116,-,5__Gro-3,-
117,-,5__Gro-3,-
118,-,5__Gro-3,-
119,-,5__Gro-3,-
120,-,5__Gro-3,-
121,-,5__Gro-3,-
122,-,5__Gro-3,-
123,-,5__Gro-3,-
124,-,5__Gro-3,-
125,-,5__Gro-3,-
126,-,5__Gro-3,-
127,-,5__Gro-3,-
128,-,5__Gro-3,-
129,-,5__Gro-3,-
130,-,5__Gro-3,-
131,-,5__Gro-3,-
132,-,5__Gro-3,-
133,-,5__Gro-3,-
134,-,5__Gro-3,-
135,-,5__Gro-3,-
136,-,5__Gro-3,-
137,-,5__Gro-3,-
138,-,5__Gro-3,-
139,-,5__Gro-3,-
140,-,5__Gro-3,-
141,-,5__Gro-3,-
142,-,5__Gro-3,-
143,-,5__Gro-3,-
144,-,5__Gro-3,-
145,-,5__Gro-3,-
146,-,5__Gro-3,-
147,-,5__Gro-3,-
148,-,5__Gro-3,-
149,-,5__Gro-3,-
150,-,5__Gro-3,-
151,-,5__Gro-3,-
152,-,5__Gro-3,-
153,-,5__Gro-3,-
154,-,5__Gro-3,-
155,-,5__Gro-3,-
156,-,5__Gro-3,-
157,-,5__Gro-3,-
158,-,5__Gro-3,-
159,-,5__Gro-3,-
160,-,5__Gro-3,-
161,-,5__Gro-3,-
162,-,5__Gro-3,-
163,-,5__Gro-3,-
164,-,5__Gro-3,-
165,-,5__Gro-3,-
166,-,5__Gro-3,-
167,-,5__Gro-3,-
168,-,5__Gro-3,-
169,-,5__Gro-3,-
170,-,5__Gro-3,-
171,-,5__Gro-3,-
172,-,5__Gro-3,-
173,-,5__Gro-3,-
174,-,5__Gro-3,-
175,-,5__Gro-3,-
176,-,5__Gro-3,-
177,-,5__Gro-3,-
178,-,5__Gro-3,-
179,-,5__Gro-3,-
180,-,5__Gro-3,-
181,-,5__Gro-3,-
182,-,5__Gro-3,-
183,-,5__Gro-3,-
184,-,5__Gro-3,-
185,-,5__Gro-3,-
186,-,5__Gro-3,-
187,-,5__Gro-3,-
188,-,5__Gro-3,-
189,-,5__Gro-3,-
190,-,5__Gro-3,-
191,-,5__Gro-3,-
192,-,5__Gro-3,-
193,-,5__Gro-3,-
194,-,5__Gro-3,-
195,-,5__Gro-3,-
196,-,5__Gro-3,-
197,-,5__Gro-3,-
198,-,5__Gro-3,-
199,-,5__Gro-3,-
200,-,5__Gro-3,-
201,-,5__Gro-3,-
202,-,5__Gro-3,-
203,-,5__Gro-3,-
204,-,5__Gro-3,-
205,-,5__Gro-3,-
206,-,5__Gro-3,-
207,-,5__Gro-3,-
208,-,5__Gro-3,-
209,-,5__Gro-3,-
210,-,5__Gro-3,-
211,-,5__Gro-3,-
212,-,5__Gro-3,-
213,-,5__Gro-3,-
214,-,5__Gro-3,-
215,-,5__Gro-3,-
216,-,5__Gro-3,-
217,-,5__Gro-3,-
218,-,5__Gro-3,-
219,-,5__Gro-3,-
220,-,5__Gro-3,-
221,-,5__Gro-3,-
222,-,5__Gro-3,-
223,-,5__Gro-3,-
224,-,5__Gro-3,-
225,-,5__Gro-3,-
226,-,5__Gro-3,-
227,-,5__Gro-3,-
228,-,5__Gro-3,-
229,-,5__Gro-3,-
230,-,5__Gro-3,-
231,-,5__Gro-3,-
232,-,5__Gro-3,-
233,-,5__Gro-3,-
234,-,5__Gro-3,-
235,-,5__Gro-3,-
236,-,5__Gro-3,-
237,-,5__Gro-3,-
238,-,5__Gro-3,-
239,-,5__Gro-3,-
240,-,5__Gro-3,-
241,-,5__Gro-3,-
242,-,5__Gro-3,-
243,-,5__Gro-3,-
244,-,5__Gro-3,-
245,-,5__Gro-3,-
246,-,5__Gro-3,-
247,-,5__Gro-3,-
248,-,5__Gro-3,-
249,-,5__Gro-3,-
250,-,5__Gro-3,-
251,-,5__Gro-3,-
252,-,5__Gro-3,-
253,-,5__Gro-3,-
254,-,5__Gro-3,-
255,-,5__Gro-3,-
256,-,5__Gro-3,-
257,-,5__Gro-3,-
258,-,5__Gro-3,-
259,-,5__Gro-3,-
260,-,5__Gro-3,-
261,-,5__Gro-3,-
262,-,5__Gro-3,-
263,-,5__Gro-3,-
264,-,5__Gro-3,-
265,-,5__Gro-3,-
266,-,5__Gro-3,-
267,-,5__Gro-3,-
268,-,5__Gro-3,-
269,-,5__Gro-3,-
270,-,5__Gro-3,-
271,-,5__Gro-3,-
272,-,5__Gro-3,-
273,-,5__Gro-3,-
274,-,5__Gro-3,-
275,-,5__Gro-3,-
276,-,5__Gro-3,-
277,-,5__Gro-3,-
278,-,5__Gro-3,-
279,-,5__Gro-3,-
280,-,5__Gro-3,-
281,-,5__Gro-3,-
282,-,5__Gro-3,-
283,-,5__Gro-3,-
284,-,5__Gro-3,-
285,-,5__Gro-3,-
286,-,5__Gro-3,-
287,-,5__Gro-3,-
288,-,5__Gro-3,-
289,-,5__Gro-3,-
290,-,5__Gro-3,-
291,-,5__Gro-3,-
292,-,5__Gro-3,-
293,-,5__Gro-3,-
294,-,5__Gro-3,-
295,-,5__Gro-3,-
296,-,5__Gro-3,-
297,-,5__Gro-3,-
298,-,5__Gro-3,-
299,-,5__Gro-3,-
300,-,5__Gro-3,-
301,-,5__Gro-3,-
302,-,5__Gro-3,-
303,-,5__Gro-3,-
304,-,5__Gro-3,-
305,-,5__Gro-3,-
306,-,5__Gro-3,-
307,-,5__Gro-3,-
308,-,5__Gro-3,-
309,-,5__Gro-3,-
310,-,5__Gro-3,-
311,-,5__Gro-3,-
312,-,5__Gro-3,-
313,-,5__Gro-3,-
314,-,5__Gro-3,-
315,-,5__Gro-3,-
316,-,5__Gro-3,-
317,-,5__Gro-3,-
318,-,5__Gro-3,-
319,-,5__Gro-3,-
320,-,5__Gro-3,-
321,-,5__Gro-3,-
322,-,5__Gro-3,-
323,-,5__Gro-3,-
324,-,5__Gro-3,-
325,-,5__Gro-3,-
326,-,5__Gro-3,-
327,-,5__Gro-3,-
328,-,5__Gro-3,-
329,-,5__Gro-3,-
330,-,5__Gro-3,-
331,-,5__Gro-3,-
332,-,5__Gro-3,-
333,-,5__Gro-3,-
334,-,5__Gro-3,-
335,-,5__Gro-3,-
336,-,5__Gro-3,-
337,-,5__Gro-3,-
338,-,5__Gro-3,-
339,-,5__Gro-3,-
340,-,5__Gro-3,-
341,-,5__Gro-3,-
342,-,5__Gro-3,-
343,-,5__Gro-3,-
344,-,5__Gro-3,-
345,-,5__Gro-3,-
346,-,5__Gro-3,-
347,-,5__Gro-3,-
348,-,5__Gro-3,-
349,-,5__Gro-3,-
350,-,5__Gro-3,-
351,-,5__Gro-3,-
352,-,5__Gro-3,-
353,-,5__Gro-3,-
354,-,5__Gro-3,-
355,-,5__Gro-3,-
356,-,5__Gro-3,-
357,-,5__Gro-3,-
358,-,5__Gro-3,-
359,-,5__Gro-3,-
360,-,5__Gro-3,-
361,-,5__Gro-3,-
362,-,5__Gro-3,-
363,-,5__Gro-3,-
364,-,5__Gro-3,-
365,-,5__Gro-3,-
366,-,5__Gro-3,-
367,-,5__Gro-3,-
368,-,5__Gro-3,-
369,-,5__Gro-3,-
370,-,5__Gro-3,-
371,-,5__Gro-3,-
372,-,5__Gro-3,-
373,-,5__Gro-3,-
374,-,5__Gro-3,-
375,-,5__Gro-3,-
376,-,5__Gro-3,-
377,-,5__Gro-3,-
378,-,5__Gro-3,-
379,-,5__Gro-3,-
380,-,5__Gro-3,-
381,-,5__Gro-3,-
382,-,5__Gro-3,-
383,-,5__Gro-3,-
384,-,5__Gro-3,-
385,-,5__Gro-3,-
386,-,5__Gro-3,-
387,-,5__Gro-3,-
388,-,5__Gro-3,-
389,-,5__Gro-3,-
390,-,5__Gro-3,-
391,-,5__Gro-3,-
392,-,5__Gro-3,-
393,-,5__Gro-3,-
394,-,5__Gro-3,-
395,-,5__Gro-3,-
396,-,5__Gro-3,-
397,-,5__Gro-3,-
398,-,5__Gro-3,-
399,-,5__Gro-3,-
400,-,5__Gro-3,-
401,-,5__Gro-3,-
402,-,5__Gro-3,-
403,-,5__Gro-3,-
404,-,5__Gro-3,-
405,-,5__Gro-3,-
406,-,5__Gro-3,-
407,A,5__Gro-3,A
408,-,5__Gro-3,-
409,-,5__Gro-3,-
410,-,5__Gro-3,-
411,-,5__Gro-3,-
412,-,5__Gro-3,-
413,-,5__Gro-3,-
414,-,5__Gro-3,-
415,-,5__Gro-3,-
416,-,5__Gro-3,-
417,-,5__Gro-3,-
418,-,5__Gro-3,-
419,-,5__Gro-3,-
420,-,5__Gro-3,-
421,-,5__Gro-3,-
422,-,5__Gro-3,-
423,-,5__Gro-3,-
424,-,5__Gro-3,-
425,-,5__Gro-3,-
426,-,5__Gro-3,-
427,-,5__Gro-3,-
428,-,5__Gro-3,-
429,-,5__Gro-3,-
430,-,5__Gro-3,-
431,-,5__Gro-3,-
432,-,5__Gro-3,-
433,-,5__Gro-3,-
434,-,5__Gro-3,-
435,-,5__Gro-3,-
436,-,5__Gro-3,-
437,-,5__Gro-3,-
438,-,5__Gro-3,-
439,-,5__Gro-3,-
440,-,5__Gro-3,-
441,-,5__Gro-3,-
442,-,5__Gro-3,-
443,-,5__Gro-3,-
444,-,5__Gro-3,-
445,-,5__Gro-3,-
446,-,5__Gro-3,-
447,-,5__Gro-3,-
448,-,5__Gro-3,-
449,-,5__Gro-3,-
450,-,5__Gro-3,-
451,-,5__Gro-3,-
452,-,5__Gro-3,-
453,-,5__Gro-3,-
454,-,5__Gro-3,-
455,-,5__Gro-3,-
456,-,5__Gro-3,-
457,-,5__Gro-3,-
458,-,5__Gro-3,-
459,-,5__Gro-3,-
460,-,5__Gro-3,-
461,-,5__Gro-3,-
462,-,5__Gro-3,-
463,-,5__Gro-3,-
464,-,5__Gro-3,-
465,-,5__Gro-3,-
466,-,5__Gro-3,-
467,-,5__Gro-3,-
468,-,5__Gro-3,-
469,-,5__Gro-3,-
470,-,5__Gro-3,-
471,-,5__Gro-3,-
472,-,5__Gro-3,-
473,-,5__Gro-3,-
474,-,5__Gro-3,-
475,-,5__Gro-3,-
476,-,5__Gro-3,-
477,-,5__Gro-3,-
478,-,5__Gro-3,-
479,-,5__Gro-3,-
480,-,5__Gro-3,-
481,-,5__Gro-3,-
482,-,5__Gro-3,-
483,-,5__Gro-3,-
484,-,5__Gro-3,-
485,-,5__Gro-3,-
486,-,5__Gro-3,-
487,-,5__Gro-3,-
488,-,5__Gro-3,-
489,-,5__Gro-3,-
490,-,5__Gro-3,-
491,-,5__Gro-3,-
492,-,5__Gro-3,-
493,-,5__Gro-3,-
494,-,5__Gro-3,-
495,-,5__Gro-3,-
496,-,5__Gro-3,-
497,-,5__Gro-3,-
498,-,5__Gro-3,-
499,-,5__Gro-3,-
500,-,5__Gro-3,-
501,-,5__Gro-3,-
502,-,5__Gro-3,-
503,-,5__Gro-3,-
504,-,5__Gro-3,-
505,-,5__Gro-3,-
506,-,5__Gro-3,-
507,-,5__Gro-3,-
508,-,5__Gro-3,-
509,-,5__Gro-3,-
510,-,5__Gro-3,-
511,-,5__Gro-3,-
512,-,5__Gro-3,-
513,-,5__Gro-3,-
514,-,5__Gro-3,-
515,-,5__Gro-3,-
516,-,5__Gro-3,-
517,-,5__Gro-3,-
518,-,5__Gro-3,-
519,-,5__Gro-3,-
520,-,5__Gro-3,-
521,-,5__Gro-3,-
522,-,5__Gro-3,-
523,-,5__Gro-3,-
524,-,5__Gro-3,-
525,-,5__Gro-3,-
526,-,5__Gro-3,-
527,-,5__Gro-3,-
528,-,5__Gro-3,-
529,-,5__Gro-3,-
530,-,5__Gro-3,-
531,-,5__Gro-3,-
532,-,5__Gro-3,-
533,-,5__Gro-3,-
534,-,5__Gro-3,-
535,-,5__Gro-3,-
536,-,5__Gro-3,-
537,-,5__Gro-3,-
538,-,5__Gro-3,-
539,-,5__Gro-3,-
540,-,5__Gro-3,-
541,-,5__Gro-3,-
542,-,5__Gro-3,-
543,-,5__Gro-3,-
544,-,5__Gro-3,-
545,-,5__Gro-3,-
546,-,5__Gro-3,-
547,-,5__Gro-3,-
548,-,5__Gro-3,-
549,-,5__Gro-3,-
550,-,5__Gro-3,-
551,-,5__Gro-3,-
552,-,5__Gro-3,-
553,-,5__Gro-3,-
554,-,5__Gro-3,-
555,-,5__Gro-3,-
556,-,5__Gro-3,-
557,-,5__Gro-3,-
558,-,5__Gro-3,-
559,-,5__Gro-3,-
560,-,5__Gro-3,-
561,-,5__Gro-3,-
562,-,5__Gro-3,-
563,-,5__Gro-3,-
564,-,5__Gro-3,-
565,-,5__Gro-3,-
566,-,5__Gro-3,-
567,-,5__Gro-3,-
568,-,5__Gro-3,-
569,-,5__Gro-3,-
570,-,5__Gro-3,-
571,-,5__Gro-3,-
572,-,5__Gro-3,-
573,-,5__Gro-3,-
574,-,5__Gro-3,-
575,-,5__Gro-3,-
576,-,5__Gro-3,-
577,-,5__Gro-3,-
578,-,5__Gro-3,-
579,-,5__Gro-3,-
580,-,5__Gro-3,-
581,-,5__Gro-3,-
582,-,5__Gro-3,-
583,-,5__Gro-3,-
584,-,5__Gro-3,-
585,-,5__Gro-3,-
586,-,5__Gro-3,-
587,-,5__Gro-3,-
588,-,5__Gro-3,-
589,-,5__Gro-3,-
590,-,5__Gro-3,-
591,-,5__Gro-3,-
592,-,5__Gro-3,-
593,-,5__Gro-3,-
594,-,5__Gro-3,-
595,-,5__Gro-3,-
596,-,5__Gro-3,-
597,-,5__Gro-3,-
598,-,5__Gro-3,-
599,-,5__Gro-3,-
600,-,5__Gro-3,-
601,-,5__Gro-3,-
602,-,5__Gro-3,-
603,-,5__Gro-3,-
604,-,5__Gro-3,-
605,-,5__Gro-3,-
606,-,5__Gro-3,-
607,-,5__Gro-3,-
608,-,5__Gro-3,-
609,-,5__Gro-3,-
610,-,5__Gro-3,-
611,-,5__Gro-3,-
612,-,5__Gro-3,-
613,-,5__Gro-3,-
614,-,5__Gro-3,-
615,-,5__Gro-3,-
616,-,5__Gro-3,-
617,-,5__Gro-3,-
618,-,5__Gro-3,-
619,-,5__Gro-3,-
620,-,5__Gro-3,-
621,-,5__Gro-3,-
622,-,5__Gro-3,-
623,-,5__Gro-3,-
624,-,5__Gro-3,-
625,-,5__Gro-3,-
626,-,5__Gro-3,-
627,-,5__Gro-3,-
628,-,5__Gro-3,-
629,-,5__Gro-3,-
630,-,5__Gro-3,-
631,-,5__Gro-3,-
632,-,5__Gro-3,-
633,-,5__Gro-3,-
634,-,5__Gro-3,-
635,-,5__Gro-3,-
636,-,5__Gro-3,-
637,-,5__Gro-3,-
638,-,5__Gro-3,-
639,-,5__Gro-3,-
640,-,5__Gro-3,-
641,-,5__Gro-3,-
642,-,5__Gro-3,-
643,-,5__Gro-3,-
644,-,5__Gro-3,-
645,-,5__Gro-3,-
646,-,5__Gro-3,-
647,-,5__Gro-3,-
648,-,5__Gro-3,-
649,-,5__Gro-3,-
650,-,5__Gro-3,-
651,-,5__Gro-3,-
652,-,5__Gro-3,-
653,-,5__Gro-3,-
654,-,5__Gro-3,-
655,-,5__Gro-3,-
656,-,5__Gro-3,-
657,-,5__Gro-3,-
658,-,5__Gro-3,-
659,-,5__Gro-3,-
660,-,5__Gro-3,-
661,-,5__Gro-3,-
662,-,5__Gro-3,-
663,-,5__Gro-3,-
664,-,5__Gro-3,-
665,-,5__Gro-3,-
666,-,5__Gro-3,-
667,-,5__Gro-3,-
668,-,5__Gro-3,-
669,-,5__Gro-3,-
670,-,5__Gro-3,-
671,-,5__Gro-3,-
672,-,5__Gro-3,-
673,-,5__Gro-3,-
674,-,5__Gro-3,-
675,-,5__Gro-3,-
676,-,5__Gro-3,-
677,-,5__Gro-3,-
678,-,5__Gro-3,-
679,-,5__Gro-3,-
680,-,5__Gro-3,-
681,-,5__Gro-3,-
682,-,5__Gro-3,-
683,-,5__Gro-3,-
684,-,5__Gro-3,-
685,-,5__Gro-3,-
686,-,5__Gro-3,-
687,-,5__Gro-3,-
688,-,5__Gro-3,-
689,-,5__Gro-3,-
690,-,5__Gro-3,-
691,-,5__Gro-3,-
692,-,5__Gro-3,-
693,-,5__Gro-3,-
694,-,5__Gro-3,-
695,-,5__Gro-3,-
696,-,5__Gro-3,-
697,-,5__Gro-3,-
698,-,5__Gro-3,-
699,-,5__Gro-3,-
700,-,5__Gro-3,-
701,-,5__Gro-3,-
702,-,5__Gro-3,-
703,-,5__Gro-3,-
704,-,5__Gro-3,-
705,-,5__Gro-3,-
706,-,5__Gro-3,-
707,-,5__Gro-3,-
708,-,5__Gro-3,-
709,-,5__Gro-3,-
710,-,5__Gro-3,-
711,-,5__Gro-3,-
712,-,5__Gro-3,-
713,-,5__Gro-3,-
714,-,5__Gro-3,-
715,-,5__Gro-3,-
716,-,5__Gro-3,-
717,-,5__Gro-3,-
718,-,5__Gro-3,-
719,-,5__Gro-3,-
720,-,5__Gro-3,-
721,-,5__Gro-3,-
722,-,5__Gro-3,-
723,-,5__Gro-3,-
724,-,5__Gro-3,-
725,-,5__Gro-3,-
726,-,5__Gro-3,-
727,-,5__Gro-3,-
728,-,5__Gro-3,-
729,-,5__Gro-3,-
730,-,5__Gro-3,-
731,-,5__Gro-3,-
732,-,5__Gro-3,-
733,-,5__Gro-3,-
734,-,5__Gro-3,-
735,-,5__Gro-3,-
736,-,5__Gro-3,-
737,-,5__Gro-3,-
738,-,5__Gro-3,-
739,-,5__Gro-3,-
740,-,5__Gro-3,-
741,-,5__Gro-3,-
742,-,5__Gro-3,-
743,-,5__Gro-3,-
744,-,5__Gro-3,-
745,-,5__Gro-3,-
746,-,5__Gro-3,-
747,-,5__Gro-3,-
748,-,5__Gro-3,-
749,-,5__Gro-3,-
750,-,5__Gro-3,-
751,-,5__Gro-3,-
752,-,5__Gro-3,-
753,-,5__Gro-3,-
754,-,5__Gro-3,-
755,-,5__Gro-3,-
756,-,5__Gro-3,-
757,-,5__Gro-3,-
758,-,5__Gro-3,-
759,-,5__Gro-3,-
760,-,5__Gro-3,-
761,-,5__Gro-3,-
762,-,5__Gro-3,-
763,-,5__Gro-3,-
764,-,5__Gro-3,-
765,-,5__Gro-3,-
766,-,5__Gro-3,-
767,-,5__Gro-3,-
768,-,5__Gro-3,-
769,-,5__Gro-3,-
770,-,5__Gro-3,-
771,-,5__Gro-3,-
772,-,5__Gro-3,-
773,-,5__Gro-3,-
774,-,5__Gro-3,-
775,-,5__Gro-3,-
776,-,5__Gro-3,-
777,-,5__Gro-3,-
778,-,5__Gro-3,-
779,-,5__Gro-3,-
780,-,5__Gro-3,-
781,-,5__Gro-3,-
782,-,5__Gro-3,-
783,-,5__Gro-3,-
784,-,5__Gro-3,-
785,-,5__Gro-3,-
786,-,5__Gro-3,-
787,-,5__Gro-3,-
788,-,5__Gro-3,-
789,-,5__Gro-3,-
790,-,5__Gro-3,-
791,-,5__Gro-3,-
792,-,5__Gro-3,-
793,-,5__Gro-3,-
794,-,5__Gro-3,-
795,-,5__Gro-3,-
796,-,5__Gro-3,-
797,-,5__Gro-3,-
798,-,5__Gro-3,-
799,-,5__Gro-3,-
800,-,5__Gro-3,-
801,-,5__Gro-3,-
802,-,5__Gro-3,-
803,-,5__Gro-3,-
804,-,5__Gro-3,-
805,-,5__Gro-3,-
806,-,5__Gro-3,-
807,-,5__Gro-3,-
808,-,5__Gro-3,-
809,-,5__Gro-3,-
810,-,5__Gro-3,-
811,-,5__Gro-3,-
812,-,5__Gro-3,-
813,-,5__Gro-3,-
814,-,5__Gro-3,-
815,-,5__Gro-3,-
816,-,5__Gro-3,-
817,-,5__Gro-3,-
818,-,5__Gro-3,-
819,-,5__Gro-3,-
820,-,5__Gro-3,-
821,-,5__Gro-3,-
822,-,5__Gro-3,-
823,-,5__Gro-3,-
824,-,5__Gro-3,-
825,-,5__Gro-3,-
826,-,5__Gro-3,-
827,-,5__Gro-3,-
828,-,5__Gro-3,-
829,-,5__Gro-3,-
830,-,5__Gro-3,-
831,-,5__Gro-3,-
832,-,5__Gro-3,-
833,-,5__Gro-3,-
834,-,5__Gro-3,-
835,-,5__Gro-3,-
836,-,5__Gro-3,-
837,-,5__Gro-3,-
838,-,5__Gro-3,-
839,-,5__Gro-3,-
840,-,5__Gro-3,-
841,-,5__Gro-3,-
842,-,5__Gro-3,-
843,-,5__Gro-3,-
844,-,5__Gro-3,-
845,-,5__Gro-3,-
846,-,5__Gro-3,-
847,-,5__Gro-3,-
848,-,5__Gro-3,-
849,-,5__Gro-3,-
850,-,5__Gro-3,-
851,-,5__Gro-3,-
852,-,5__Gro-3,-
853,-,5__Gro-3,-
854,-,5__Gro-3,-
855,-,5__Gro-3,-
856,-,5__Gro-3,-
857,-,5__Gro-3,-
858,-,5__Gro-3,-
859,-,5__Gro-3,-
860,-,5__Gro-3,-
861,-,5__Gro-3,-
862,-,5__Gro-3,-
863,-,5__Gro-3,-
864,-,5__Gro-3,-
865,-,5__Gro-3,-
866,-,5__Gro-3,-
867,-,5__Gro-3,-
868,-,5__Gro-3,-
869,-,5__Gro-3,-
870,-,5__Gro-3,-
871,-,5__Gro-3,-
872,-,5__Gro-3,-
873,-,5__Gro-3,-
874,-,5__Gro-3,-
875,-,5__Gro-3,-
876,-,5__Gro-3,-
877,-,5__Gro-3,-
878,-,5__Gro-3,-
879,-,5__Gro-3,-
880,-,5__Gro-3,-
881,-,5__Gro-3,-
882,-,5__Gro-3,-
883,-,5__Gro-3,-
884,-,5__Gro-3,-
885,-,5__Gro-3,-
886,-,5__Gro-3,-
887,-,5__Gro-3,-
888,-,5__Gro-3,-
889,-,5__Gro-3,-
890,-,5__Gro-3,-
891,-,5__Gro-3,-
892,-,5__Gro-3,-
893,-,5__Gro-3,-
894,-,5__Gro-3,-
895,-,5__Gro-3,-
896,-,5__Gro-3,-
897,-,5__Gro-3,-
898,-,5__Gro-3,-
899,-,5__Gro-3,-
900,-,5__Gro-3,-
901,-,5__Gro-3,-
902,-,5__Gro-3,-
903,-,5__Gro-3,-
904,-,5__Gro-3,-
905,-,5__Gro-3,-
906,-,5__Gro-3,-
907,-,5__Gro-3,-
908,-,5__Gro-3,-
909,-,5__Gro-3,-
910,-,5__Gro-3,-
911,-,5__Gro-3,-
